protocol_id,template_subject,derivative_subject,derivative_class,template_similarity,derivation_route,identity_safeguard,consent_status,ethics_gate,notes
CLP_001,SUBJ_BEAR,CLN_BEAR_A01,clone_derived_subject,0.991,template_copy,origin_record_preserved,not_applicable_or_unknown,review_required,clone derivation record with rare lineage marker
CLP_002,SUBJ_HAWK,CLN_HAWK_A01,clone_derived_subject,0.988,template_copy,origin_record_preserved,not_applicable_or_unknown,review_required,combat-reflex template derivation
CLP_003,SUBJ_SNAKE,CLN_SNAKE_A01,clone_derived_subject,0.986,template_copy,origin_record_preserved,not_applicable_or_unknown,review_required,affective-control template derivation
CLP_004,SUBJ_SHARK,CLN_SHARK_A01,clone_derived_subject,0.982,template_copy,origin_record_preserved,not_applicable_or_unknown,review_required,aquatic adaptation template derivation
CLP_005,SUBJ_FLAME,CLN_FLAME_A01,clone_derived_subject,0.970,restricted_template_copy,origin_record_restricted,unclear,sealed,restricted lineage clone derivation
CLP_006,CLN_BEAR_A01,UNIT_BEAR_01,engineered_unit,0.963,clone_to_engineered_unit,template_and_derivative_records_preserved,not_applicable_or_unknown,restricted,durability and carrier-linked modification
CLP_007,CLN_HAWK_A01,UNIT_HAWK_01,engineered_unit,0.952,clone_to_engineered_unit,template_and_derivative_records_preserved,not_applicable_or_unknown,restricted,combat-optimized engineered unit
CLP_008,CLN_SNAKE_A01,UNIT_SNAKE_01,engineered_unit,0.949,clone_to_engineered_unit,template_and_derivative_records_preserved,not_applicable_or_unknown,restricted,ability-carrier engineered unit
CLP_009,unknown,UNIT_GHOST_00,engineered_unit,unknown,orphan_derivation,identity_safeguard_absent,unknown,blocked,orphaned pipeline record without verified template
